School,Athletic Dept,Football Team,Men’s Basketball Team,Football Hashtag,Basketball Hashtag,Alternate Hashtag
Abilene Christian,@ACUsports,@ACUFootball,@ACU_MBB,#ACU,#ACU,
Air Force,@AF_Falcons,@AF_Football,@AF_MBB,#AFFalcons,#AFFalcons,#AirForce
Akron,@GoZipsUpdates,@ZipsFB,@ZipsMBB,#GoZips,#GoZips,
Alabama,@UA_Athletics,@AlabamaFTBL,@AlabamaMBB,#RollTide,#RollTide,
Alabama A&M,@AAMUBulldogs,@AAMUFB,@Bulldogs_Hoops,#AAMU,#AAMU,
Alabama State,@ASUBUZZ,@BamaStateFB,@BamaStateMBB,#myASU,#myASU,
Albany,@UAlbanySports,@UAlbanyFootball,@UAlbanyMBB,#GreatDanes,#GreatDanes,
Alcorn State,@BravesSports,@BravesSports,@BravesSports,#AlcornState,#AlcornState,
American,@AUEagles,,@AU_Mbasketball,,#AmericanUni,
Appalachian State,@AppStateSports,@AppState_FB,@AppStateMBB,#AppState,#AppState,
Arizona,@AZATHLETICS,@ArizonaFBall,@APlayersProgram,#BearDown,#BearDown,#UofA
Arizona State,@TheSunDevils,@ASUFootball,@SunDevilHoops,#SunDevils,#SunDevils,
Arkansas,@ArkRazorbacks,@RazorbackFB,@RazorbackMBB,#GoHogs,#GoHogs,
Arkansas State,@AStateRedWolves,@AStateFB,@AStateMB,#RedWolves,#RedWolves,
Arkansas-Pine Bluff,@UAPBLionsRoar,@UAPBLionsRoar,@UAPBLionsRoar,#UAPB,#UAPB,
Army,@GoArmyWestPoint,@ArmyWP_Football,@ArmyWP_MBB,#GoArmy,#GoArmy,
Auburn,@AuburnTigers,@AuburnFootball,@AuburnMBB,#WarEagle,#WarEagle,
Austin Peay,@LetsGoPeay,@AustinePeayFB,@AustinPeayMBB,#AustinPeay,#AustinPeay,
Ball State,@BallStateSports,@BallStateFB,@BallStateMBB,#BallState,#BallState,
Baylor,@BaylorAthletics,@BUFootball,@BaylorMBB,#Baylor,#Baylor,
Bellarmine,@BUKnights,,@BUKnightsMBB,#Bellarmine,#Bellarmine,
Belmont,@GoBelmontBruins,,@BelmontMBB,,#Belmont,
Bethune-Cookman,@BCUAthletics,@BCUGridiron,@BCUHoops,#BCU,#BCU,
Binghamton,@BU_Bearcats,,@BinghamtonMBB,,#Binghamton,
Boise State,@BroncoSports,@BroncoSportsFB,@BroncoSportsMBB,#BoiseState,#BoiseState,
Boston College,@BCEagles,@BCFootball,@BCMBB,#WeAreBC,#WeAreBC,#BCEagles
Boston University,@BUAthletics,,@TerrierMBB,#GoBU,#GoBU,
Bowling Green,@BGathletics,@BG_Football,@BGSUMHoops,#BowlingGreen,#BowlingGreen,
Bradley,@BradleyBraves,,@BradleyUMBB,,#Bradley,
Brown,@BrownAthletics,,@BrownBasketball,,#Brown,
Bryant,@BryantAthletics,@BryantUFootball,@BryantHoops,#Bryant,#Bryant,
Bucknell,@Bucknell_Bison,@Bucknell_FB,@Bucknell_MBB,#Bucknell,#Bucknell,
Buffalo,@UBAthletics,@UBFootball,@UBMensHoops,#UBHornsUp,#UBHornsUp,#UBuffalo
Butler,@ButlerAthletics,@ButlerUFootball,@ButlerMBB,#Butler,#Butler,
BYU,@BYUCougars,@BYUFootball,@BYUBasketball,#BYU,#BYU,
Cal Poly,@CPMustangs,@CalPolyFootball,@CalPolyMBB,#CalPoly,#CalPoly,
Cal State-Bakersfield,@CSUBAthletics,,@CSUB_MBB,,#CSUB,
Cal State-Fullerton,@FullertonTitans,,@FullertonMBB,,#CalStateFullerton,
Cal State-Northridge,@GoMatadors,,@CSUNMBB,,#CSUN,
California,@CalAthletics,@CalFootball,@CalMBBall,#Cal,#Cal,
California Baptist,@CBULancers,,@CBUmbb,,#CalBaptist,
Campbell,@GoCamels,@GoCamelsFB,@GoCamelsMBB,#Campbell,#Campbell,
Canisius,@GoGriffs,,@Griffs_MBB,,#Canisius,
Central Arkansas,@UCASports,@UCA_Football,@UCAMBB,#CentralArkansas,#CentralArkansas,
Central Connecticut State,@CCSUBlueDevils,@CCSUFootball,@CCSU_MBB,#CCSU,#CCSU,
Central Florida,@UCFKnights,@UCF_Football,@UCF_MBB,#UCF,#UCF,
Central Michigan,@CMUAthletics,@CMU_Football,@CMUMensBBall,#CentralMichigan,#CentralMichigan,
Charleston,@CofCSports,,@CofCBasketball,,#CofC,
Charleston Southern,@CSUSports,@CSUFB,@CSU_MBBall,#CSUBucs,#CSUBucs,
Charlotte,@Charlotte49ers,@CharlotteFTBL,@CharlotteMBB,#Charlotte,#Charlotte,
Chattanooga,@GoMocs,@GoMocsFB,@GoMocsMBB,#GoMocs,#GoMocs,
Chicago State,@ChiStateCougars,,@ChicagoStateMBB,,#ChicagoState,
Cincinnati,@GoBearcats,@GoBearcatsFB,@GoBearcatsMBB,#Bearcats,#Bearcats,
Clemson,@ClemsonTigers,@ClemsonFB,@ClemsonMBB,#Clemson,#Clemson,
Cleveland State,@CSU_Athletics,,@CSU_Basketball,,#ClevelandState,
Coastal Carolina,@GoCCUSports,@CoastalFootball,@CoastalMBB,#CCU,#CCU,
Colgate,@ColgateAthletic,@ColgateFB,@ColgateMBB,#Colgate,#Colgate,
Colorado,@CUBuffs,@RunRalphieRun,@CUBuffsMBB,#CUBuffs,#CUBuffs,
Colorado State,@CSURams,@CSUFootball,@CSUMBasketball,#CSURams,#CSURams,
Columbia,@GoColumbiaLions,@ColumbiaLionsFB,@CULionsMBB,#Columbia,#Columbia,
Connecticut,@UConnHuskies,@UConnFootball,@UConnMBB,#UConn,#UConn,
Coppin State,@CoppinSports,,@CoppinMBB,,#CoppinState,
Cornell,@CornellSports,@BigRed_Football,@CUBigRedHoops,#Cornell,#Cornell,
Creighton,@GoCreighton,,@BluejayMBB,,#Creighton,
Dartmouth,@DartmouthSports,@DartFootball,@DartmouthMBK,#Dartmouth,#Dartmouth,
Davidson,@DavidsonWildcat,@DavidsonFB,@DavidsonMBB,#Davidson,#Davidson,
Dayton,@DaytonFlyers,@DaytonFootball,@DaytonMBB,#GoFlyers,#GoFlyers,
Delaware,@UDBlueHens,@DelawareFB,@DelawareMBB,#BlueHens,#BlueHens,
Delaware State,@DSUHornets,@DelSt_Football,@DSUMBB,#DelState,#DelState,
Denver,@DU_Pioneers,,@DU_Mhoops,,#DenverU,
DePaul,@DePaulAthletics,,@DePaulHoops,,#DePaul,
Detroit,@DetroitTitans,,@DetroitMBB,,#DetroitU,
Dixie State,@DixieAthletics,@DixieState_FB,@DixieStateBball,##DixieBlazers,##DixieBlazers,
Drake,@DUBulldogs,@DrakeBulldogsFB,@DrakeBulldogsMB,#Drake,#Drake,
Drexel,@DrexelDragons,,@DrexelMBB,,#Drexel,
Duke,@DukeAthletics,@DukeFootball,@DukeMBB,#Duke,#Duke,
Duquesne,@GoDuquesne,@DuqFB,@DuqMBB,#Duquesne,#Duquesne,
East Carolina,@ECUAthletics,@ECUPiratesFB,@ECUBasketball,#ECU,#ECU,
East Tennessee State,@ETSUAthletics,@ETSUFootball,@ETSU_MBB,#ETSU,#ETSU,
Eastern Illinois,@EIU_Panthers,@EIUPantherFB,@EIUBasketball,#EIU,#EIU,
Eastern Kentucky,@EKUSports,@EKUFootball,@EKUHoops,#EKU,#EKU,
Eastern Michigan,@EMUAthletics,@EMUFB,@EMUHoops,#EMU,#EMU,
Eastern Washington,@EWUAthletics,@EWUFootball,@EWUMBB,#EWU,#EWU,
Elon,@ElonPhoenix,@ElonFootball,@ElonMBasketball,#Elon,#Elon,
Evansville,@UEAthletics,,@UEAthletics_MBB,,#Evansville,
Fairfield,@FairfieldStags,,@StagsMensBBall,,#Fairfield,
Fairleigh-Dickinson,@FDUKnights,@FDUFootball,@FDU_MBB,#FDU,#FDU,
Florida,@FloridaGators,@GatorsFB,@GatorsMBK,#Gators,#Gators,
Florida A&M,@FAMUAthletics,@FAMUAthletics,@FAMUAthletics,#FAMU,#FAMU,
Florida Atlantic,@FAUAthletics,@FAU_Football,@FAU_Hoops,#FAU,#FAU,
Florida Gulf Coast,@FGCUEagles,,@FGCU_MBB,,#FGCU,
Florida International,@FIUAthletics,@FIUFootball,@FIUHoops,#FIU,#FIU,
Florida State,@Seminoles,@FSUFootball,@FSUHoops,#Noles,#Noles,
Fordham,@FordhamRams,@FordhamFootball,@FordhamMBB,#Fordham,#Fordham,
Fresno State,@FSAthletics,@FresnoStateFB,@FresnoStateMBB,#FresnoState,#FresnoState,
Furman,@FurmanPaladins,@PaladinFootball,@FurmanHoops,#Furman,#Furman,
Gardner-Webb,@GWUSports,@GWUFootball,@GWU_MBK,#GardnerWebb,#GardnerWebb,
George Mason,@MasonAthletics,,@MasonMBB,,#GeorgeMason,
George Washington,@GW_Sports,,@GW_MBB,,#GWU,
Georgetown,@GeorgetownHoyas,@HoyasFB,@GeorgetownHoops,#Georgetown,#Georgetown,
Georgia,@UGAAthletics,@FootballUGA,@UGABasketball,#GoDawgs,#GoDawgs,
Georgia Southern,@GSAthletics,@GSAthletics_FB,@GSAthletics_MBB,#GeorgiaSouthern,#GeorgiaSouthern,
Georgia State,@GSUPanthers,@GeorgiaStateFB,@GeorgiaStateMBB,#GeorgiaState,#GeorgiaState,
Georgia Tech,@GTAthletics,@GeorgiaTechFB,@GTMBB,#GATech,#GATech,
Gonzaga,@GonzagaBulldgos,,@ZagMBB,,#Zags,#Gonzaga
Grambling,@GSU_Tigers,@GSU_Tigers,@GSU_Tigers,#Grambling,#Grambling,
Grand Canyon,@GCU_Lopes,,@GCU_MBB,,#GCU,
Green Bay,@GBPhoenix,,@GBPhoenixMBB,,#GBPhoenix,
Hampton,@HUAthletics1868,@Hampton_FB,@Hampton_MBB,#Hampton,#Hampton,
Hartford,@HartfordHawks,,@HartfordMBB,,#Hartford,
Harvard,@HarvardCrimson,@HarvardFootball,@HarvardMBB,#Harvard,#Harvard,
Hawaii,@HawaiiAthletics,@HawaiiFootball,@HawaiiMBB,#HawaiiFB,#HawaiiMBB,
High Point,@HighPointSports,,@HPUMBB,,#HighPoint,
Hofstra,@HofstraPride,,@HofstraMBB,,#Hofstra,
Holy Cross,@GoHolyCross,@HCrossFB,@HCrossMBB,#HolyCross,#HolyCross,
Houston,@UHCougars,@UHCougarFB,@UHCougarMBK,#GoCoogs,#GoCoogs,
Houston Baptist,@HBUHuskies,@HBU_Football,@HBUBasketball,#HoustonBaptist,#HoustonBaptist,
Howard,@HUBisonSports,@HUBisonFootball,@HUMensBB,#Howard,#Howard,
Idaho,@Idaho_Vandals,@VandalFootball,@VandalHoops,#Vandals,#Vandals,
Idaho State,@ISUBengals,@IdahoStateFB,@IdahoStateBBall,#IdahoState,#IdahoState,
Illinois,@IlliniAthletics,@IlliniFootball,@IlliniMBB,#Illini,#Illini,
Illinois State,@ISURedbirds,@RedbirdFB,@Redbird_MBB,#IllinoisState,#IllinoisState,
Illinois-Chicago,@UICFlames,,@UICFlamesMBB,#UIC,#UIC,
Incarnate Word,@UIWAthletics,@UIWFootball,@UIWMBB,#UIW,#UIW,
Indiana,@IUHoosiers,@IndianaFootball,@IndianaMBB,#IUFB,#IUBB,
Indiana State,@indstathletics,@IndianaStateFB,@IndStMBB,#IndianaState,#IndianaState,
Iona,@ICGaels,,@IonaGaelsMBB,,#Iona,
Iowa,@TheIowaHawkeyes,@HawkeyeFootball,@IowaHoops,#Hawkeyes,#Hawkeyes,
Iowa State,@CycloneATH,@CycloneFB,@CycloneMBB,#IowaState,#IowaState,
IUPUI,@IUPUIJaguars,,@IUPUIMensBBall,,#IUPUI,
Jackson State,@GoJSUTigers,@GoJSUTigersFB,@GoJSUTigersMBB,#JacksonState,#JacksonState,
Jacksonville,@JAX_Dolphins,@JAX_FB,@JAX_MBB,#JUDolphins,#JUDolphins,
Jacksonville State,@JSUGamecocks,@JSUGamecocksFB,@JSU_MBB,#JSUGamecocks,#JSUGamecocks,
James Madison,@JMUSports,@JMUFootball,@JMUMBasketball,#JMU,#JMU,
Kansas,@KUAthletics,@KU_Football,@KUHoops,#KUFball,#KUBball,#RockChalk
Kansas State,@KStateSports,@KStateFB,@KStateMBB,#KState,#KState,
Kennesaw State,@KSUOwlNation,@KennesawStFB,@KSUOwlsMBB,#KennesawState,#KennesawState,
Kent State,@KentStAthletics,@KentStFootball,@KentStMBB,#KentState,#KentState,
Kentucky,@UKAthleticsNews,@UKFootball,@KentuckyMBB,#BBN,#BBN,
La Salle,@GoExplorers,,@LaSalleMBB,,#LaSalle,
Lafayette,@GoLeopards,@LafColFootball,@LafayetteMBB,#LafayetteLeopards,#LafayetteLeopards,
Lamar,@LamarCards,@LamarFootball,@LamarMBB,#Lamar,#Lamar,
Lehigh,@LehighSports,@LehighFootball,@LehighMBB,#Lehigh,#Lehigh,
Liberty,@LibertyFlames,@LibertyFootball,@LibertyMBB,#GoFlames,#GoFlames,
Lipscomb,@LipscombBisons,,@LipscombMBB,,#Lipscomb,
Little Rock,@LRTrojans,,@LittleRockMBB,,#UALR,
Long Beach State,@LBSUAthletics,,@LBSUhoops,,#LBSU,
Long Island,@LIUAthletics,@LIUSharksFB,@LIUBasketball,#LIUFB,#LIUBB,#LIUSharks
Longwood,@LongwoodLancers,,@LongwoodMBB,,#Longwood,
Louisiana,@RaginCajuns,@RaginCajunsFB,@RaginCajunsMBB,#RaginCajuns,#RaginCajuns,
Louisiana Tech,@LATechSports,@LATechFB,@LATechHoops,#LATech,#LATech,
Louisiana-Monroe,@ULMWarhawks,@ULM_FB,@ULM_MBB,#Warhawks,#Warhawks,
Louisville,@GoCards,@UofLFootball,@LouisvilleMBB,#GoCards,#GoCards,
Loyola Marymount,@LMULions,,@LMULionsMBB,,#LMU,
Loyola-Chicago,@LoyolaRamblers,,@RamblersMBB,,#LoyolaChicago,
Loyola-Maryland,@LoyolaHounds,,@LoyolaMBB,,#GoHounds,
LSU,@LSUsports,@LSUFootball,@LSUBasketball,#GeauxTigers,#GeauxTigers,#LSU
Maine,@BlackBearNation,@BlackBearsFB,@BlackBearsMBB,#BlackBears,#BlackBears,
Manhattan,@GoJaspers,,@JaspersMBB,,#Jaspers,
Marist,@MaristAthletics,@Marist_Football,@MaristMBB,#Marist,#Marist,
Marquette,@MUAthletics,,@MarquetteMBB,,#MUBB,#Marquette
Marshall,@HerdZone,@HerdFB,@HerdMBB,#HerdNation,#HerdNation,#WeAreMarshall
Maryland,@UMTerps,@TerpsFootball,@TerrapinHoops,#Terps,#Terps,
Maryland-Eastern Shore,@ESHawksSports,@ESHawksSports,@ESHawksHoops,#UMES,#UMES,
Massachusetts,@UMassAthletics,@UMassFootball,@UMassBasketball,#UMass,#UMass,
McNeese State,@McNeeseSports,@McNeeseFootball,@McNeeseMBB,#McNeese,#McNeese,
Memphis,@TigersAthletics,@MemphisFB,@Memphis_MBB,#GoTigersGo,#GoTigersGo,
Mercer,@MercerBears,@MercerFootball,@MercerMBB,#Mercer,#Mercer,
Merrimack,@MC_Athletics,@MerrimackFB,@MerrimackMBB,#GoMack,#GoMack,
Miami,@MiamiHurricanes,@CanesFootball,@CanesHoops,#Canes,#Canes,
Miami (OH),@MiamiRedHawks,@MiamiOHFootball,@MiamiOH_Bball,#Redhawks,#Redhawks,
Michigan,@UMichAthletics,@UMichFootball,@UMichBBall,#GoBlue,#GoBlue,
Michigan State,@MSU_Athletics,@MSU_Football,@MSU_Basketball,#Spartans,#Spartans,
Middle Tennessee,@MTAthletics,@MT_FB,@MT_MBB,#MTSU,#MTSU,
Milwaukee,@MKEPanthers,@UWMFootball,@MKE_MBB,#MilwaukeePanthers,#MilwaukeePanthers,
Minnesota,@GopherSports,@GopherFootball,@GopherMBB,#Gophers,#Gophers,
Mississippi State,@HailState,@HailStateFB,@HailStateMBK,#HailState,#HailState,
Mississippi Valley State,@MVSUDevilSports,@MSValleyFB,@MVSUDevilSports,#MVSU,#MVSU,
Missouri,@MizzouSports,@MizzouFootball,@MizzouHoops,#Mizzou,#Mizzou,
Missouri State,@MissouriStBears,@MOStateFootball,@MSUBearsHoops,#MSUBears,#MSUBears,
Monmouth,@MUHawks,@MUHawksFB,@MonmouthBBall,#Monmouth,#Monmouth,
Montana,@UMGrizzlies,@MontanaGrizFB,@MontanaGrizBB,#GoGriz,#GrizHoops,
Montana State,@MSUBobcats,@MSUBobcatsFB,@MSUBobcatsMBB,#MSUBobcats,#MSUBobcats,
Morehead State,@MSUEagles,@MSUEaglesFB,@MSUEaglesMBB,#MSUEagles,#MSUEagles,
Morgan State,@MorganStBears,@MorganStateFB,@MorganStBears,#MorganState,#MorganState,
Mount St Mary’s,@MountAthletics,,@MountHoops,,#TheMount,
Murray State,@MSURacers,@RacersFootball,@RacersHoops,#Racers,#Racers,
Navy,@NavyAthletics,@NavyFB,@NavyBasketball,#Navy,#Navy,
Nebraska,@Huskers,@HuskerFBNation,@HuskerHoops,#GBR,#Nebrasketball,#Huskers
Nebraska-Omaha,@Omavs,,@OmahaMBB,,#Omavs,
Nevada,@NevadaWolfPack,@NevadaFootball,@NevadaHoops,#BattleBorn,#BattleBorn,
New Hampshire,@UNHWildcats,@UNH_Football,@UNHMBB,#UNH,#UNH,
New Mexico,@UNMLobos,@UNMLoboFB,@UNMLoboMBB,#Lobos,#Lobos,
New Mexico State,@NMStateAggies,@NMStateFootball,@NMStateMBB,#NMSU,#NMSU,
New Orleans,@UNOPrivateers,,@PrivateersMBB,,#Privateers,
Niagara,@NUPurpleEagles,,@NiagaraMBB,,#Niagara,
Nicholls State,@GeauxColonels,@Nicholls_FB,@Nicholls_MBB,#GeauxColonels,#GeauxColonels,
NJIT,@NJITHighlanders,,@NJITHoops,,#NJIT,
Norfolk State,@NSUSpartans,@NSU_FB,@NSU_Bball,#NSU,#NSU,
North Alabama,@UNAAthletics,@UNAFootball,@UNA_MBB,#UNA,#UNA,
North Carolina,@GoHeels,@TarHeelFootball,@UNC_Basketball,#UNC,#UNC,
North Carolina A&T,@NCATAggies,@Football_NCAT,@NCATBasketball,#NCAT,#NCAT,
North Carolina Central,@NCCUAthletics,@NCCU_Football,@NCCU_MBB,#NCCU,#NCCU,
North Carolina State,@PackAthletics,@PackFootball,@PackMensBball,#Wolfpack,#Wolfpack,
North Dakota,@UNDSports,@UNDFootball,@UNDMBasketball,#UND,#UND,
North Dakota State,@NDSUAthletics,@NDSUFootball,@NDSUmbb,#NDSU,#NDSU,
North Florida,@UNFOspreys,,@OspreysMBB,,#UNF,
North Texas,@MeanGreenSports,@MeanGreenFB,@MeanGreenMBB,#MeanGreen,#MeanGreen,
Northeastern,@GoNUAthletics,,@GoNUmbasketball,,#Northeastern,
Northern Arizona,@NAUAthletics,@NAU_Football,@NAUBasketball,#NAU,#NAU,
Northern Colorado,@UNC_Bears,@UNCBearsFB,@UNC_Bears,#UNCBears,#UNCBears,
Northern Illinois,@NIUAthletics,@NIU_Football,@GoHuskiesMBB,#NIU,#NIU,
Northern Iowa,@UNIAthletics,@UNIFootball,@UNImbb,#UNI,#UNI,
Northern Kentucky,@NKUNorse,,@NKUNorseMBB,,#NKU,
Northwestern,@NU_Sports,@NUFBFamily,@NUMensBball,#Northwestern,#Northwestern,
Northwestern State,@NSUDemons,@NSUDemonsFB,@NSUDemonsMBB,#NorthwesternState,#NorthwesternState,
Notre Dame,@FightingIrish,@NDFootball,@NDMBB,#NotreDame,#NotreDame,
Oakland,@GoldenGrizzlies,,@OaklandMBB,,#OaklandMBB,
Ohio,@OhioBobcats,@OhioFootball,@OhioMBasketball,#OhioBobcats,#OhioBobcats,#OhioUniversity
Ohio State,@OhioStAthletics,@OhioStateFB,@OhioStateHoops,#Buckeyes,#Buckeyes,#OSU
Oklahoma,@OU_Athletics,@OU_Football,@OU_MBBall,#Sooners,#Sooners,#OU
Oklahoma State,@OSUAthletics,@CowboyFB,@OSUMBB,#OKState,#OKState,
Old Dominion,@ODUSports,@ODUFootball,@ODUMBB,#ODU,#ODU,
Ole Miss,@OleMissSports,@OleMissFB,@OleMissMBB,#OleMiss,#OleMiss,
Oral Roberts,@ORUAthletics,,@ORUMBB,#ORU,#ORU,
Oregon,@GoDucks,@OregonFootball,@OregonMBB,#GoDucks,#GoDucks,
Oregon State,@beaverathletics,@BeaverFB,@BeaverMBB,#GoBeavs,#GoBeavs,#OregonState
Pacific,@PacificTigers,,@PacificMensBB,,#Pacific,
Penn,@PennAthletics,@PennFB,@PennBasketball,#Penn,#Penn,
Penn State,@GoPSUsports,@PennStateFball,@PennStateMBB,#PennState,#PennState,
Pepperdine,@PepperdineWaves,,@PeppBasketball,,#Pepperdine,
Pittsburgh,@Pitt_Athletics,@Pitt_FB,@Pitt_MBB,#Pitt,#Pitt,
Portland,@PortlandPilots,,@PilotHoops,#GoPilots,#GoPilots,
Portland State,@PSUViks,@PSUViksFB,@PSUViksMBB,#GoViks,#GoViks,
Prairie View A&M,@PVAMUPanthers,@PVAMUFootball,@PVAMUPanthers,#PVAMU,#PVAMU,
Presbyterian,@BlueHoseSports,@BlueHoseFtball,@BlueHoseHoops,#Presbyterian,#Presbyterian,
Princeton,@PUTigers,@PUTigerFootball,@Princeton_Hoops,#Princeton,#Princeton,
Providence,@PCAthletics,,@PCFriarsMBB,,#PCBB,#GoFriars
Purdue,@PurdueSports,@BoilerFootball,@BoilerBall,#BoilerUp,#BoilerUp,#Purdue
Purdue Fort Wayne,@GoMastodons,,@MastodonMBB,,#Mastodons,
Quinnipiac,@QUAthletics,,@QU_MBB,,#Quinnipiac,
Radford,@RU_Athletics,,@RadfordMBB,,#Radford,
Rhode Island,@GoRhodyRams,@RhodyFootball,@RhodyMBB,#URI,#URI,
Rice,@RiceAthletics,@RiceFootball,@RiceBasketball,#Rice,#Rice,
Richmond,@SpiderAthletics,@SpiderFootball,@SpiderMBB,#Spiders,#Spiders,
Rider,@RiderAthletics,,@RiderMBB,,#Rider,
Robert Morris,@RMUAthletics,@RMUFootball,@RMUMBasketball,#RMU,#RMU,
Rutgers,@RUAthletics,@Rfootball,@RutgersMBB,#Rutgers,#Rutgers,
Sacramento State,@HornetSports,@SacHornetsFB,@SacHornetsMBB,#SacState,#SacState,
Sacred Heart,@SHUBigRed,@SHU__Football,@SHU_MensHoops,#SacredHeart,#SacredHeart,
Saint Joseph’s,@SJUHawks,,@SJUHawks_MBB,,#StJoes,
Saint Louis,@SLU_Billikens,,@SaintLouisMBB,,#Billikens,
Saint Mary’s,@SMCGaels,,@SaintMarysHoops,,#Gaels,
Saint Peter’s,@SPUAthletics,,@PeacocksMBB,,#Peacocks,
Sam Houston State,@BearkatSports,@BearkatsFB,@BearkatsMBB,#Bearkats,#Bearkats,
Samford,@Samford_Sports,@SamfordFootball,@SamfordMBB,#Samford,#Samford,
San Diego,@USDToreros,@USDFootball,@USDMBB,#USD,#USD,
San Diego State,@GoAztecs,@SDSUFootball,@Aztec_MBB,#Aztecs,#Aztecs,
San Francisco,@DonsAthletics,,@USFDonsMBB,,#USFDons,
San Jose State,@SJSUAthletics,@SJSUSpartanFB,@SJSUMBB,#SJSU,#SJSU,
Santa Clara,@SCUBroncos,,@SantaClaraHoops,,#SantaClara,
Seattle,@GoSeattleU,,@SeattleUMBB,,#SeattleU,
Seton Hall,@SHUAthletics,,@SetonHallMBB,,#SetonHall,
Siena,@SienaSaints,,@SienaMBB,,#Siena,
SIU-Edwardsville,@SIUECougars,,@SIUEMBB,,#SIUE,
SMU,@SMUMustangs,@SMU_Football,@SMUBasketball,#SMU,#SMU,
South Alabama,@WeAreSouth_JAGS,@WeAreSouth_FB,@WeAreSouth_MBB,#SouthAlabama,#SouthAlabama,
South Carolina,@GamecocksOnline,@GamecockFB,@GamecockMBB,#Gamecocks,#Gamecocks,
South Carolina State,@SCStateAthletic,@SCState_FB,@SCStateAthletic,#SCState,#SCState,
South Carolina Upstate,@UpstateSpartans,,@UpstateMB,,#USCUpstate,
South Dakota,@SDCoyotes,@SDCoyotesFB,@SDCoyotesMBB,#SDCoyotes,#SDCoyotes,
South Dakota State,@GoJacksSDSU,@GoJacksFB,@GoJacksMBB,#GoJacks,#GoJacks,
South Florida,@USFAthletics,@USFFootball,@USFMBB,#USF,#USF,
Southeast Missouri State,@GoSoutheast,@SEMOFootball,@SEMOMBB,#SeMO,#SeMO,
Southeastern Louisiana,@SLUAthletics,@SLUFootball,@SLU_Hoops,#LionUp,#LionUp,
Southern,@SouthernUsports,@SouthernUsports,@JaguarHoops,#SouthernU,#SouthernU,
Southern Illinois,@SIUSalukis,@SIU_Football,@SIU_Basketball,#SIU,#SIU,
Southern Miss,@USMGoldenEagles,@SouthernMissFB,@SouthernMissMBB,#SouthernMiss,#SouthernMiss,
Southern Utah,@SUUThunderbirds,@SUUFB,@SUUBasketball,#SUU,#SUU,
St. Bonaventure,@StBonaventure,,@BonniesMBB,,#Bonnies,
St. Francis (NY),@SFBKTerriers,,@SFBKMBB,,#SFNY,
St. Francis (PA),@SFUAthletics,@RedFlashFB,@RedFlashMBB,#SFU,#SFU,
St. John’s,@StJohnsRedStorm,,@StJohnsBBall,,#SJUBB,
Stanford,@GoStanford,@StanfordFball,@StanfordMBB,#Stanford,#Stanford,
Stephen F. Austin,@SFA_Athletics,@SFA_Football,@SFA_MBB,#SFA,#SFA,
Stetson,@StetsonHatters,@StetsonFootball,@StetsonMBB,#Stetson,#Stetson,
Stony Brook,@SBAthletics,@StonyBrookFB,@StonyBrookMBB,#StonyBrook,#StonyBrook,
Syracuse,@Cuse,@CuseFootball,@Cuse_MBB,#Syracuse,#Syracuse,
Tarleton State,@TarletonSports,@TarletonFB,@TarletonMBB,#TexanNation,#TexanNation,#Tarleton
TCU,@TCU_Athletics,@TCUFootball,@TCUBasketball,#GoFrogs,#GoFrogs,#TCU
Temple,@TempleOwls,@Temple_FB,@TUMBBHoops,#Temple,#Temple,
Tennessee,@Vol_Sports,@Vol_Football,@Vol_Hoops,#Vols,#Vols,
Tennessee State,@TSU_Tigers,@TSU_Football,@TSUTigersMBB,#TSUTigers,#TSUTigers,
Tennessee Tech,@TTUGoldenEagles,@TNTechFootball,@TTU_Basketball,#TNTech,#TNTech,
Tennessee-Martin,@UTMSports,@UTM_Football ,@SkyhawkHoops,#UTMartin,#UTMartin,
Texas,@TexasLonghorns,@TexasFootball,@TexasMBB,#HookEm,#HookEm,
Texas A&M,@AggieAthletics,@AggieFootball,@AggieMBK,#GigEm,#GigEm,#TAMU
Texas A&M-Corpus Christi,@Go_Islanders,,@IslandersMBB,,#TAMUCC,
Texas Southern,@TXSOTigers,@TSUFootball,@TSUMensHoops,#TexasSouthern,#TexasSouthern,
Texas State,@TXStateBobcats,@TXStateFootball,@TXStateMBB,#TexasState,#TexasState,
Texas Tech,@TechAthletics,@TexasTechFB,@TexasTechMBB,#RedRaiders,#RedRaiders,#TTU
Texas-Arlington,@UTAMavs,,@UTA_MBB,,#UTA,
The Citadel,@CitadelSports,@CitadelFootball,@CitadelHoops,#Citadel,#Citadel,
Toledo,@ToledoRockets,@ToledoFB,@ToledoMBB,#GoRockets,#GoRockets,
Towson,@TowsonTigers,@Towson_FB,@Towson_MBB,#Towson,#Towson,
Troy,@TroyAthletics,@TroyTrojansFB,@TroyTrojansMBB,#Troy,#Troy,
Tulane,@GreenWaveNews,@GreenWaveFB,@GreenWaveMBB,#RollWave,#RollWave,#Tulane
Tulsa,@TulsaHurricane,@TulsaFootball,@TUMBasketball,#TulsaFB,#TulsaHoops,
UAB,@UABathletics,@UAB_FB,@UAB_MBB,#UAB,#UAB,
UC-Davis,@UCDavisAggies,@UCDFootball,@UCDavisMBB,#UCDavis,#UCDavis,
UC-Irvine,@UCIAthletics,,@UCImbb,,#UCIrvine,
UC-Riverside,@UCR_Athletics,,@UCRMBB,,#UCRiverside,
UC-San Diego,@UCSDTritons,,@UCSDmbb,,#GoTritons,#UCSD
UC-Santa Barbara,@UCSBGauchos,,@UCSBbasketball,,#UCSB,
UCLA,@UCLAAthletics,@UCLAFootball,@UCLAMBB,#UCLAFootball,#UCLAhoops,#UCLA
UMass-Lowell,@RiverHawkNation,,@RiverHawkMBB,,#RiverHawks,
UMBC,@UMBCAthletics,,@UMBC_MBB,,#UMBC,
UMKC,@KCRoosAthletics,,@KCRoosMBB,#UMKC,#UMKC,
UNC-Asheville,@AshevilleDogs,,@UNCAvlMBB,,#UNCAsheville,
UNC-Greensboro,@UNCGSports,,@UNCGBasketball,,#UNCG,
UNC-Wilmington,@UNCWAthletics,,@UNCWMensHoops,,#UNCW,
UNLV,@UNLVAthletics,@UNLVFootball,@TheRunninRebels,#UNLV,#UNLV,
USC,@USC_Athletics,@USC_FB,@USC_Hoops,#FightOn,#FightOn,#USC
Utah,@utahathletics,@Utah_Football,@UtahMBB,#UtahUtes,#UtahUtes,
Utah State,@USUAthletics,@USUFootball,@USUBasketball,#UtahState,#UtahState,
Utah Valley,@GoUVU,,@UVUMBB,,#UVU,
UTEP,@UTEPAthletics,@UTEPFB,@UTEP_MBB,#MinerStrong,#MinerStrong,#UTEP
UTRGV,@GoUTRGV,,@UTRGVMBB,,#UTRGV,
UTSA,@UTSAAthletics,@UTSAFtbl,@UTSAMBB,#UTSA,#UTSA,
Valparaiso,@ValpoAthletics,@ValpoUFootball,@ValpoBasketball,#Valpo,#Valpo,
Vanderbilt,@VUCommodores,@VandyFootball,@VandyMBB,#Vandy,#Vandy,
Vermont,@UVMAthletics,,@UVMmbb,,#UVM,
Villanova,@NovaAthletics,@NovaFootball,@NovaMBB,#Nova,#Nova,
Virginia,@VirginiaSports,@UVAFootball,@UVAMensHoops,#UVAFootball,#GoHoos,#UVA
Virginia Commonwealth,@VCUAthletics,,@VCU_Hoops,,#VCU,
Virginia Military,@VMISID,@VMI_Football,@VMI_Basketball,#VMI,#VMI,
Virginia Tech,@HokieSports,@VT_Football,@HokiesMBB,#Hokies,#Hokies,
Wagner,@WagnerAthletics,@Wagner_Football,@Wagner_MBB,#Wagner,#Wagner,
Wake Forest,@DemonDeacons,@WakeFB,@WakeMBB,#WakeForest,#WakeForest,
Washington,@UWAthletics,@UW_Football,@UW_MBB,#GoHuskies,#GoHuskies,
Washington State,@WSUCougars,@WSUCougarFB,@WSUMensHoops,#GoCougs,#GoCougs,
Weber State,@WeberState,@WeberStateFB,@WeberStateMBB,#WeberState,#WeberState,
West Virginia,@WVUSports,@WVUFootball,@WVUHoops,#WVU,#WVU,
Western Carolina,@Catamounts,@WCU_FB,@WCU_MBB,#WCU,#WCU,
Western Illinois,@WIUAthletics,@WIUFootball,@WIUMensHoops,#WIU,#WIU,
Western Kentucky,@WKUSports,@WKUFootball,@WKU Basketball,#WKU,#WKU,
Western Michigan,@WMUBroncos,@WMU_Football,@WMUMBB,#WMU,#WMU,
Wichita State,@GoShockers,,@GoShockersMBB,,#Shockers,
William & Mary,@TribeAthletics,@WMTribeFootball,@WMTribeMBB,#GoTribe,#GoTribe,
Winthrop,@WUEagles,,@Winthrop_MBB,,#Winthrop,
Wisconsin,@UWBadgers,@BadgerFootball,@BadgerMBB,#Badgers,#Badgers,
Wofford,@WoffordTerriers,@Wofford_FB,@WoffordMBB,#Wofford,#Wofford,
Wright State,@WSURaiders,@WrightStFball,@WSU_MBB,#WrightState,#WrightState,
Wyoming,@WyoAthletics,@Wyo_Football,@Wyo_MBB,#GoWyo,#GoWyo,
Xavier,@XUAthletics,,@XavierMBB,,#Xavier,
Yale,@YaleAthletics,@Yale_Football,@Yale_Basketball,#Yale,#Yale,
Youngstown State,@YSUSports,@YoungstownStFB,@YSUMensHoops,#YSU,#YSU,
